id,x,y,deg
001_0,s0.565685,s0.247487,s45.0
